path_id,index,x,y,z
0,0,472.6143,505.2517,239.3519
0,1,482.0059,497.7818,239.3519
0,2,480.9339,485.8298,239.3519
0,3,486.6737,475.2915,239.3519
0,4,494.1363,465.8942,239.3519
0,5,490.3898,454.494,239.3519
0,6,491.2723,442.5265,239.3489
0,7,480.3632,439.4428,235.4139
0,8,469.5384,440.0999,230.2767
0,9,458.6378,440.1005,225.2591
0,10,447.736,440.0996,220.244
0,11,442.6266,440.7864,209.4079
0,12,431.1673,440.1007,212.9026
0,13,420.3768,439.8492,207.6583
0,14,409.4948,440.5706,202.6523
0,15,398.596,440.2847,197.6387
0,16,387.8197,438.4691,192.6814
0,17,376.477,437.5626,188.8709
0,18,366.672,441.1461,182.953
0,19,356.3752,445.0882,178.2163
0,20,345.6301,447.1151,173.2733
0,21,334.737,446.6367,168.2623
0,22,323.9173,448.1075,163.285
0,23,313.079,446.8148,158.2992
0,24,319.3688,437.0134,161.1926
0,25,330.2684,436.7723,166.2066
0,26,341.5263,435.1406,170.027
0,27,351.6136,432.6382,176.0258
0,28,362.4213,431.0651,180.9976
0,29,373.352,430.686,185.9348
0,30,384.1893,431.5704,191.0112
0,31,394.9197,433.6901,195.9475
0,32,405.8203,433.5134,200.962
0,33,416.6944,434.3678,205.9643
0,34,427.4118,436.566,210.8945
0,35,438.3054,436.1025,215.9058
0,36,449.2072,436.1034,220.9208
0,37,460.108,436.2712,225.9354
0,38,470.9982,436.8247,230.9451
0,39,481.8678,435.904,235.9454
0,40,491.413,442.3317,239.3475
0,41,484.7954,452.3421,239.3519
0,42,473.2478,455.6061,239.3519
0,43,462.6527,461.2402,239.3519
0,44,457.5587,472.1053,239.3519
0,45,457.7498,484.1038,239.3519
0,46,460.823,495.7036,239.3519
0,47,469.1148,504.378,239.3519
1,0,787.9419,681.2097,384.1482
1,1,780.2158,690.3916,384.1482
1,2,780.1108,702.3911,384.1482
1,3,790.3018,708.7269,384.1482
1,4,802.2119,707.2608,384.1482
1,5,806.2371,695.956,384.1482
1,6,806.0213,683.958,384.1511
1,7,801.6515,673.1566,387.021
1,8,800.2768,661.2393,386.7244
1,9,792.5769,652.1735,385.1362
1,10,787.1067,641.4953,384.9093
1,11,786.675,629.503,384.9088
1,12,791.3025,618.4311,384.9088
1,13,801.3249,611.8318,384.9088
1,14,813.3106,611.2457,384.9088
1,15,824.589,615.3443,384.9088
1,16,835.1717,620.9519,385.6577
1,17,847.038,619.9108,387.1094
1,18,855.0006,616.3387,395.3457
1,19,866.6992,613.9172,396.476
1,20,877.9407,609.7184,396.4987
1,21,889.2479,605.7002,396.4987
1,22,899.8885,611.248,396.4987
1,23,899.9446,623.2478,396.4987
1,24,904.6623,634.2816,396.4987
1,25,914.2641,641.4792,396.4987
1,26,907.5246,651.4077,396.5532
1,27,897.1417,657.4159,396.8672
1,28,886.7859,662.6261,399.9671
1,29,881.8164,671.7726,405.9375
1,30,887.226,682.1942,408.4124
1,31,891.94,693.2292,408.5047
1,32,885.3756,703.2745,408.503
1,33,876.1307,709.9571,412.228
1,34,876.1757,714.6352,423.2785
1,35,875.9793,719.3126,434.3276
1,36,876.2524,723.9895,445.3753
1,37,879.2452,735.5241,446.7883
1,38,874.7687,746.6542,446.5023
1,39,868.8447,757.09,446.4987
1,40,858.5805,763.3064,446.5388
1,41,846.7002,762.2872,447.8879
1,42,837.4402,757.2546,453.6261
1,43,827.7301,752.1586,458.4988
1,44,821.8609,741.6918,458.5047
1,45,811.8154,735.1277,458.5047
1,46,800.1349,737.8782,458.5047
1,47,790.4977,745.0285,458.4968
1,48,780.1904,747.0402,452.6906
1,49,774.5986,746.8713,442.0744
1,50,767.7354,738.2224,437.3742
1,51,755.7397,738.0405,437.1094
1,52,746.5576,745.7665,437.1094
1,53,746.0638,757.7563,437.1094
1,54,741.114,768.6878,437.0797
1,55,735.3369,759.039,432.8933
1,56,724.1177,756.1579,429.7581
1,57,714.499,763.3329,429.7581
1,58,722.8357,771.9643,429.7581
1,59,730.4503,762.6902,429.8572
1,60,735.3031,771.9763,435.7069
1,61,747.0194,769.7936,437.1081
1,62,758.896,771.5102,437.1094
1,63,769.9348,766.8043,437.1094
1,64,773.5818,755.4404,438.3586
1,65,778.5172,753.4892,449.1213
1,66,786.0223,755.2914,458.3096
1,67,796.5839,760.9847,458.5047
1,68,805.5324,768.98,458.5047
1,69,817.0318,765.5502,458.5047
1,70,825.2131,756.7715,458.5047
1,71,832.8982,747.6025,457.5721
1,72,842.0756,747.1059,449.8566
1,73,850.9273,739.6738,446.6299
1,74,862.919,739.2469,446.4999
1,75,872.0417,731.4643,446.9543
1,76,872.8615,722.5055,439.0127
1,77,873.2212,716.8274,428.4473
1,78,873.8718,712.1527,417.4144
1,79,867.4883,707.2248,408.5281
1,80,859.4119,698.3494,408.5047
1,81,862.771,686.8291,408.5047
1,82,865.3247,675.1349,407.6538
1,83,867.1167,664.958,401.5531
1,84,871.5561,654.683,397.2269
1,85,880.3243,646.5147,396.5963
1,86,885.2738,635.5834,396.4987
1,87,874.0469,631.3457,396.4987
1,88,862.0587,631.8763,396.4712
1,89,851.874,637.5156,393.5606
1,90,841.3119,636.8661,387.902
1,91,830.4675,631.8501,386.7894
1,92,819.5924,626.8281,386.0735
1,93,807.7916,624.7978,385.2878
1,94,809.7979,636.624,384.9498
1,95,814.9121,647.4796,384.9095
1,96,817.0775,659.2822,385.0078
1,97,810.0107,668.8346,386.6842
1,98,801.4245,677.1421,385.5604
1,99,789.9206,680.2527,384.152
2,0,610.671,407.4376,170.9005
2,1,605.9403,396.4094,170.9005
2,2,595.205,391.0473,170.9005
2,3,583.2964,389.5685,170.9005
2,4,571.423,391.3068,170.9005
2,5,566.3209,402.1678,170.9886
2,6,569.3574,413.7345,171.9839
2,7,566.641,423.7428,178.0217
2,8,561.1796,431.3363,185.5391
2,9,558.752,439.6879,193.807
2,10,557.6267,448.1782,202.2123
2,11,555.4814,457.0004,210.0587
2,12,555.5408,465.0727,218.9376
2,13,556.0869,473.5918,227.3713
2,14,555.3139,485.3264,229.7591
2,15,555.6011,497.3226,229.8468
2,16,557.1591,509.2211,229.849
2,17,560.2322,520.8209,229.849
2,18,571.3284,525.3895,229.849
2,19,581.8697,519.6553,229.849
2,20,591.9789,513.1897,229.849
2,21,602.9191,517.4275,227.3284
2,22,614.6146,514.8421,226.5999
2,23,626.6132,514.659,226.5999
2,24,638.6019,514.1396,226.5999
2,25,647.661,506.2699,226.5999
2,26,644.531,494.6853,226.5999
2,27,634.7342,487.7555,226.5999
2,28,622.8902,489.6843,226.5999
2,29,611.0944,491.8885,226.6079
2,30,599.4371,491.22,229.3758
2,31,587.4585,490.6837,229.849
2,32,575.5919,488.8992,229.849
2,33,574.7766,476.9331,229.4642
2,34,573.6305,467.5117,222.121
2,35,572.6255,459.4071,213.3287
2,36,571.9486,450.8928,204.8997
2,37,574.3419,442.5362,196.6268
2,38,575.585,434.0542,188.2298
2,39,577.942,425.6924,179.9518
2,40,581.1298,417.7399,171.5497
2,41,592.2316,413.2252,170.9445
2,42,603.8078,410.0645,170.904
3,0,966.355,411.5651,258.1318
3,1,956.4988,418.4017,258.4734
3,2,945.331,414.0142,258.2983
3,3,936.0857,406.3641,258.2951
3,4,941.9136,395.8764,258.504
3,5,947.0454,385.029,258.5047
3,6,944.711,373.2583,258.4918
3,7,946.6778,365.2368,249.7862
3,8,943.7557,353.8429,247.4114
3,9,931.8396,354.9426,246.5186
3,10,925.3643,365.0455,246.4948
3,11,915.7993,366.4332,239.3825
3,12,905.1369,371.6605,237.6535
3,13,893.2526,373.2869,237.3123
3,14,881.2542,373.1325,237.1872
3,15,869.2813,372.3282,237.1322
3,16,857.3395,371.1486,237.1118
3,17,845.4398,369.5997,237.109
3,18,833.9131,369.0462,233.8185
3,19,824.6751,368.7743,226.1644
3,20,815.5605,366.8016,218.6124
3,21,806.3425,367.6365,210.9749
3,22,797.1493,368.8467,203.3578
3,23,785.8371,371.7124,200.561
3,24,780.7784,360.8318,200.4172
3,25,780.8318,348.8319,200.413
3,26,787.3889,338.782,200.3425
3,27,799.2748,340.4226,200.16
3,28,805.8602,330.5622,198.3147
3,29,810.218,322.118,190.9863
3,30,809.3368,310.2822,189.2152
3,31,821.0597,308.0802,187.9024
3,32,832.9509,309.633,187.4687
3,33,844.8241,311.362,187.2745
3,34,856.8,312.1147,187.1634
3,35,860.3388,300.6485,187.1094
3,36,852.4337,291.6203,187.1139
3,37,845.2616,281.9994,187.1307
3,38,839.296,271.5874,187.1651
3,39,835.4081,260.2348,187.2233
3,40,834.4481,248.2735,187.3007
3,41,834.0105,236.2816,187.3479
3,42,830.2687,224.8799,187.3119
3,43,825.883,213.7104,187.2201
3,44,828.1356,201.9241,187.1318
3,45,838.4119,195.7276,187.1106
3,46,850.4001,195.1953,187.1094
3,47,861.9803,198.3416,187.1094
3,48,873.3593,202.1518,187.1094
3,49,885.1761,204.2411,187.1097
3,50,897.1754,204.1189,187.1309
3,51,900.3216,215.6955,187.4216
3,52,895.5835,226.7194,187.5769
3,53,893.2217,238.4845,187.6426
3,54,896.3896,250.0585,187.557
3,55,902.4175,260.433,187.3777
3,56,906.5507,271.6971,187.1874
3,57,902.4173,282.9625,187.1143
3,58,894.5906,292.0588,187.1094
3,59,886.1892,300.6271,187.1094
3,60,878.1345,309.5223,187.1094
3,61,871.1217,319.2598,187.1094
3,62,859.4983,322.2424,187.1094
3,63,848.3565,317.7858,187.1094
3,64,837.1909,313.3893,187.1097
3,65,825.3475,311.4599,187.2092
3,66,816.4242,318.9593,190.0611
3,67,816.465,329.37,196.0291
3,68,813.5053,340.505,199.3832
3,69,801.5876,339.3698,200.2081
3,70,789.5894,339.4791,200.3857
3,71,787.4985,351.2955,200.3579
3,72,793.8228,361.4933,200.2617
3,73,804.1977,363.0103,206.0978
3,74,813.4381,363.0103,213.7539
3,75,822.6784,363.0103,221.41
3,76,831.9032,362.9833,229.0848
3,77,841.0836,362.3321,236.7853
3,78,852.0473,367.201,237.0849
3,79,854.5985,355.4754,237.1094
3,80,850.8174,344.0867,237.1094
3,81,847.773,332.4793,237.1094
3,82,847.0584,320.5006,237.1094
3,83,850.6842,309.0614,237.1094
3,84,860.4127,302.036,237.1094
3,85,870.3413,308.7756,237.1094
3,86,879.0307,317.0517,237.1094
3,87,891.0231,316.6235,237.1094
3,88,900.992,309.9437,237.1094
3,89,910.997,303.3179,237.1094
3,90,919.3114,311.9706,237.1094
3,91,912.9791,322.1639,237.1093
3,92,902.681,328.3241,237.1026
3,93,893.6785,336.2584,237.0565
3,94,899.1237,346.9516,236.9899
3,95,907.9745,355.0544,237.0821
3,96,918.2404,359.5743,241.346
3,97,927.6045,353.8108,246.1518
3,98,936.1743,345.4161,246.4475
3,99,944.2998,336.5858,246.497
3,100,951.7463,327.1757,246.4987
3,101,959.725,318.2124,246.4987
3,102,971.4393,315.6098,246.4987
3,103,981.6641,321.8911,246.4987
3,104,989.6561,330.8425,246.4987
3,105,994.5634,341.7932,246.4987
3,106,989.7949,352.8051,246.5069
3,107,979.084,358.2155,246.5747
3,108,967.5154,361.3962,246.7983
3,109,956.9081,365.8108,250.2618
3,110,952.4732,374.4162,257.3526
3,111,960.1054,383.6053,258.4973
3,112,955.0706,394.498,258.5047
3,113,960.9087,404.9821,258.4646
4,0,716.7411,425.6909,258.8919
4,1,728.269,422.3764,258.5422
4,2,734.6653,412.2233,258.5047
4,3,734.5435,400.2239,258.5047
4,4,731.4555,388.6281,258.5047
4,5,723.6328,379.5284,258.5047
4,6,711.6374,379.1958,258.5047
4,7,703.2807,387.8078,258.5047
4,8,694.4332,395.9146,258.5047
4,9,683.545,391.1246,256.9227
4,10,674.4361,392.1459,249.1778
4,11,663.189,388.7811,246.6916
4,12,651.612,385.6288,246.4987
4,13,640.1701,389.2457,246.4987
4,14,630.1644,395.8704,246.4987
4,15,638.2377,404.7485,246.527
4,16,648.4203,411.0942,246.7444
4,17,658.694,417.2465,247.5196
4,18,667.4803,425.0604,249.9159
4,19,671.9332,436.1925,250.4163
4,20,668.6402,447.7318,250.4163
4,21,670.7712,459.5411,250.4163
4,22,677.3058,469.6058,250.4163
4,23,689.291,470.2005,250.4163
4,24,700.4537,465.7965,250.4163
4,25,700.9089,453.8053,250.4831
4,26,691.8687,446.2038,252.6027
4,27,682.64,438.7993,254.6036
4,28,682.3537,426.8059,254.3264
4,29,683.5624,415.0407,256.3561
4,30,694.5299,418.659,259.6153
4,31,705.6234,423.2299,259.4136
5,0,392.6262,502.4799,287.1094
5,1,404.4475,504.5432,287.1094
5,2,415.6851,500.3342,287.1094
5,3,422.1853,490.2472,287.1094
5,4,423.0469,478.2781,287.1094
5,5,421.4866,466.38,287.1094
5,6,411.9892,459.0453,287.1094
5,7,400.0418,457.9232,287.1094
5,8,389.5788,463.799,287.1094
5,9,381.0861,472.2769,287.1094
5,10,370.3782,477.6935,287.0688
5,11,364.4521,477.2533,276.6435
5,12,363.2219,476.9424,264.7107
5,13,361.9922,477.4146,252.7833
5,14,360.7655,477.0673,240.8512
5,15,357.7923,473.1214,229.9155
5,16,346.2999,469.6715,229.7581
5,17,342.8928,481.1777,229.7581
5,18,344.3582,493.0878,229.7581
5,19,356.3115,494.1452,229.7965
5,20,359.4604,482.5773,230.3148
5,21,362.0029,481.9502,242.0255
5,22,362.1852,479.512,253.7738
5,23,363.3245,478.936,265.7057
5,24,364.5512,479.925,277.6018
5,25,370.6012,484.1323,287.0726
5,26,379.321,492.3763,287.1093
5,27,388.4656,500.1464,287.1094
6,0,1194.7803,320.3406,237.1094
6,1,1188.2307,330.3956,237.1094
6,2,1186.3125,342.2413,237.1094
6,3,1191.2544,353.1765,237.1094
6,4,1201.4651,359.4805,237.1094
6,5,1213.3583,361.0779,237.1094
6,6,1225.0955,358.5802,237.1094
6,7,1237.002,357.1602,237.5773
6,8,1247.7504,353.5103,241.4695
6,9,1258.7695,351.7483,245.8826
6,10,1270.2457,355.2011,246.4946
6,11,1281.6376,358.9726,246.4987
6,12,1293.5219,360.6354,246.4987
6,13,1304.8046,356.5487,246.4987
6,14,1312.2618,347.1471,246.4987
6,15,1314.4029,335.3397,246.4987
6,16,1309.3611,324.4502,246.4987
6,17,1299.9539,317.0002,246.4987
6,18,1288.4017,313.7523,246.4987
6,19,1277.1846,318.0157,246.4987
6,20,1268.6813,326.4829,246.4987
6,21,1259.1128,333.7224,246.3138
6,22,1248.0777,334.1663,241.6203
6,23,1237.0581,332.4068,237.2077
6,24,1226.6966,326.3544,237.1094
6,25,1216.9979,319.288,237.1094
6,26,1205.5864,315.576,237.1094
7,0,1033.6241,555.4443,346.4987
7,1,1045.4674,553.5111,346.4987
7,2,1056.7588,549.4486,346.4987
7,3,1060.3308,537.9926,346.4987
7,4,1057.7867,526.2653,346.4987
7,5,1052.058,515.7211,346.4987
7,6,1043.047,507.7962,346.4987
7,7,1031.4053,504.886,346.4987
7,8,1019.852,508.1297,346.4987
7,9,1010.7114,515.9046,346.4987
7,10,1000.5179,522.2365,346.497
7,11,989.534,517.5791,345.2073
7,12,979.1116,517.5843,339.2597
7,13,967.2816,516.3575,337.6642
7,14,955.5047,514.1012,337.2023
7,15,943.6114,515.6956,337.1094
7,16,940.5454,527.2973,337.1094
7,17,928.6267,528.6919,337.1094
7,18,921.3931,538.2667,337.1094
7,19,924.8611,549.7546,337.1094
7,20,926.6655,561.6182,337.1094
7,21,921.2823,572.3429,337.1119
7,22,919.3279,583.7692,340.2135
7,23,931.3131,584.3656,340.214
7,24,941.0961,591.3149,340.214
7,25,942.776,603.1967,340.214
7,26,946.7204,591.8635,340.2079
7,27,943.0915,580.4271,340.0087
7,28,941.5115,568.8665,337.2056
7,29,948.3314,558.9934,337.1094
7,30,959.0667,553.6311,337.1119
7,31,969.5395,547.7893,337.5527
7,32,981.1831,547.3141,340.4162
7,33,991.7905,547.8775,345.9987
7,34,1002.4929,553.2829,346.4896
7,35,1011.1118,561.6325,346.4987
7,36,1023.0196,563.1169,346.4987
7,37,1032.6161,555.9122,346.4987
8,0,741.9377,552.5007,276.661
8,1,736.1996,563.0397,276.5999
8,2,726.4544,556.0375,276.5999
8,3,724.7314,544.1618,276.5999
8,4,733.2331,535.6929,276.6041
8,5,744.5957,539.5516,276.6544
8,6,751.8158,549.1228,277.1651
8,7,755.7047,550.8601,288.3837
8,8,758.5376,549.8026,299.9965
8,9,761.3718,548.8099,311.6147
8,10,764.2157,548.8099,323.2728
8,11,773.7832,545.2328,329.571
8,12,782.3948,536.8776,329.7488
8,13,792.6701,530.6794,329.7581
8,14,804.2984,533.6428,329.7581
8,15,813.6376,541.178,329.7581
8,16,820.6069,550.9467,329.7581
8,17,818.0837,562.6784,329.7581
8,18,810.8738,572.271,329.7581
8,19,799.3119,569.0579,329.7581
8,20,787.7005,566.0289,329.7581
8,21,777.213,560.1969,329.758
8,22,766.2876,555.2449,329.4227
8,23,762.9073,555.1252,317.9092
8,24,760.0634,555.1252,306.2511
8,25,757.2194,555.1252,294.593
8,26,754.3755,555.1252,282.9348
8,27,744.4011,552.5774,276.7688
9,0,1168.7965,613.1207,358.6507
9,1,1168.7912,601.1213,358.5301
9,2,1173.6463,590.1474,358.505
9,3,1185.6459,590.2512,358.5047
9,4,1196.2677,595.8347,358.5047
9,5,1198.0763,607.6977,358.5047
9,6,1208.929,612.8179,358.5319
9,7,1219.2287,606.6643,358.7543
9,8,1226.5985,597.2277,359.5523
9,9,1238.2536,595.3106,361.6697
9,10,1248.147,601.8227,363.5964
9,11,1259.9267,601.1575,365.7867
9,12,1268.1708,592.4666,366.495
9,13,1277.5352,584.9662,366.2643
9,14,1289.5289,585.3091,366.0829
9,15,1299.6625,591.7364,366.049
9,16,1293.4872,602.0255,366.049
9,17,1298.9043,612.7332,366.049
9,18,1291.5595,622.2229,366.049
9,19,1284.5183,612.5058,366.049
9,20,1274.2257,618.6744,366.1552
9,21,1265.9407,609.9975,366.4172
9,22,1259.1266,600.1523,365.6164
9,23,1249.3825,593.4105,363.7189
9,24,1237.68,592.8604,361.1209
9,25,1226.6096,597.0709,359.1931
9,26,1216.2175,603.0227,358.4305
9,27,1205.987,609.2943,358.4846
9,28,1195.3671,614.8722,358.808
9,29,1183.9108,618.4403,358.9573
9,30,1171.9974,617.0134,358.773
10,0,562.8867,325.8953,200.4163
10,1,559.4832,337.4025,200.4163
10,2,548.0983,341.1861,200.678
10,3,538.0122,334.7307,201.4516
10,4,531.1978,324.868,200.9129
10,5,520.0649,322.7574,196.9627
10,6,508.0795,323.1257,196.4987
10,7,497.2108,318.0392,196.4987
10,8,498.0619,306.0694,196.4987
10,9,508.0103,299.3592,196.4987
10,10,518.9299,304.3354,196.4987
10,11,523.4318,315.4589,196.4997
10,12,534.0679,318.9763,200.8011
10,13,545.8701,321.1463,200.7979
10,14,557.2646,324.897,200.4881
11,0,911.491,562.2963,300.4163
11,1,921.2311,555.2911,300.6561
11,2,915.7271,544.9065,303.0779
11,3,904.3711,547.9335,300.6534
11,4,892.3873,547.475,301.0747
11,5,880.784,550.5349,301.0379
11,6,873.7354,540.8291,300.7003
11,7,873.6869,529.4003,297.0427
11,8,869.2774,518.5647,294.3693
11,9,858.1983,515.6241,290.8186
11,10,846.6425,518.5372,289.4121
11,11,837.8935,510.3257,289.5737
11,12,848.3949,505.818,293.2344
11,13,854.655,496.1134,296.4951
11,14,866.4022,498.5636,296.4987
11,15,872.4672,488.2091,296.4987
11,16,882.8101,494.2938,296.4987
11,17,877.6666,505.1356,296.4987
11,18,865.736,506.424,296.4987
11,19,854.3766,502.5558,296.4978
11,20,843.5269,500.4331,291.831
11,21,831.9947,502.748,289.4544
11,22,831.6414,514.7424,289.3519
11,23,838.53,524.5682,289.3519
11,24,848.8304,530.7246,289.352
11,25,860.6725,528.8253,289.7497
11,26,868.8868,521.1805,294.0019
11,27,880.7696,519.6141,294.5913
11,28,879.133,531.035,297.8904
11,29,873.5412,540.6758,302.3386
11,30,884.2874,542.7401,307.2639
11,31,896.2128,543.3126,308.4707
11,32,904.2339,534.3873,308.5047
11,33,905.4605,522.4502,308.5047
11,34,898.482,512.688,308.5047
11,35,890.5589,521.7005,308.5047
11,36,892.1219,533.5983,308.5047
11,37,886.1407,543.9196,307.202
11,38,874.7065,542.1177,304.0378
11,39,870.0076,552.8335,301.3749
11,40,875.0685,563.6812,300.5292
11,41,885.5626,569.5001,300.4172
11,42,897.4943,568.2217,300.4163
11,43,908.5928,563.6582,300.4163
12,0,1269.0899,569.1656,266.049
12,1,1257.0907,569.3111,266.049
12,2,1246.2249,564.2187,266.049
12,3,1236.914,556.6485,266.049
12,4,1231.5759,545.9012,266.049
12,5,1230.2523,533.9744,266.049
12,6,1230.2965,521.9745,266.049
12,7,1230.6766,509.9805,266.049
12,8,1231.1789,497.991,266.049
12,9,1233.9692,486.3199,266.049
12,10,1244.6518,480.8534,266.049
12,11,1256.3581,483.492,266.049
12,12,1266.1896,490.3726,266.049
12,13,1271.002,501.3654,266.049
12,14,1272.7741,513.2338,266.049
12,15,1275.3179,524.9611,266.049
12,16,1277.5095,536.7593,266.049
12,17,1277.8069,548.7556,266.049
12,18,1275.5046,560.5327,266.049
13,0,1396.1479,608.0139,346.4987
13,1,1397.3763,619.9509,346.4987
13,2,1385.4936,621.6252,346.4987
13,3,1373.4945,621.4793,346.4987
13,4,1361.6058,623.1097,346.4987
13,5,1356.4489,612.2743,346.4987
13,6,1356.7758,600.2787,346.4987
13,7,1366.0614,592.6777,346.4987
13,8,1378.018,591.6573,346.4987
13,9,1389.9804,592.6059,346.4987
13,10,1395.4407,603.2917,346.4987
14,0,411.7856,411.0312,246.4987
14,1,400.2557,407.7055,246.4987
14,2,397.4395,396.0407,246.4987
14,3,404.9228,386.6598,246.4987
14,4,416.6898,389.013,246.4987
14,5,428.6137,390.3626,246.4987
14,6,434.5566,400.7876,246.4987
14,7,425.7206,408.907,246.4987
14,8,413.9092,411.0264,246.4987
15,0,488.2018,351.0854,229.7581
15,1,488.443,363.083,229.7581
15,2,479.1101,370.626,229.7581
15,3,467.1212,371.1405,229.7581
15,4,457.1142,364.5178,229.7581
15,5,453.4688,353.0849,229.7581
15,6,451.8639,341.1927,229.7581
15,7,463.4597,338.1046,229.7581
15,8,475.4509,338.5659,229.7581
15,9,485.4972,345.1287,229.7581
16,0,485.8528,417.4261,258.5047
16,1,473.8728,418.1183,258.5047
16,2,462.8893,413.2849,258.5047
16,3,453.6429,405.6361,258.5047
16,4,455.2112,393.739,258.5047
16,5,464.376,385.9926,258.5047
16,6,476.3655,386.4922,258.5047
16,7,485.1797,394.6353,258.5047
16,8,487.3479,406.4378,258.5047
17,0,656.7941,330.1315,176.5999
17,1,668.542,332.5786,176.5999
17,2,674.091,343.2185,176.5999
17,3,674.9664,355.1866,176.5999
17,4,671.6324,366.7141,176.5999
17,5,660.738,371.7453,176.5999
17,6,649.4296,367.7304,176.5999
17,7,640.6806,359.5173,176.5999
17,8,640.1088,347.5309,176.5999
17,9,646.8318,337.591,176.5999
17,10,656.3222,330.2472,176.5999
18,0,514.4492,523.2474,308.5047
18,1,502.6264,521.1929,308.5047
18,2,499.8503,509.5184,308.5047
18,3,501.6911,497.6604,308.5047
18,4,512.1938,491.856,308.5047
18,5,521.9663,498.8201,308.5047
18,6,533.7293,496.4472,308.5047
18,7,537.6413,507.7916,308.5047
18,8,534.1615,519.276,308.5047
18,9,522.7931,523.1177,308.5047
19,0,664.3823,280.1434,187.1094
19,1,652.9849,276.3883,187.1094
19,2,644.6244,267.7801,187.1094
19,3,650.1831,257.1453,187.1094
19,4,658.2119,248.2269,187.1094
19,5,656.4463,236.3575,187.1094
19,6,647.9858,227.8474,187.1094
19,7,640.8106,218.2289,187.1094
19,8,649.1604,209.6103,187.1094
19,9,661.0746,208.1776,187.1094
19,10,673.0304,209.2069,187.1094
19,11,684.7504,211.7842,187.1094
19,12,695.9813,216.011,187.1094
19,13,701.8578,226.4736,187.1094
19,14,693.1638,234.7449,187.1094
19,15,688.2562,245.6954,187.1094
19,16,698.2978,252.2655,187.1094
19,17,707.5403,259.919,187.1094
19,18,705.0358,271.6548,187.1094
19,19,694.1479,276.7001,187.1094
19,20,682.457,279.4059,187.1094
19,21,670.5198,280.6321,187.1094