path_id,index,x,y,z
0,0,366.2476,-102.2425,414.5745
0,1,375.6391,-102.2425,407.1046
0,2,374.5671,-102.2425,395.1526
0,3,380.3069,-102.2425,384.6144
0,4,387.7695,-102.2425,375.2170
0,5,384.0230,-102.2425,363.8168
0,6,384.9055,-102.2395,351.8493
0,7,373.9965,-98.3045,348.7656
0,8,363.1716,-93.1673,349.4228
0,9,352.2710,-88.1497,349.4233
0,10,341.3692,-83.1347,349.4224
0,11,336.2598,-72.2985,350.1093
0,12,324.8005,-75.7932,349.4235
0,13,314.0101,-70.5489,349.1720
0,14,303.1280,-65.5429,349.8934
0,15,292.2293,-60.5293,349.6075
0,16,281.4530,-55.5720,347.7920
0,17,270.1102,-51.7615,346.8854
0,18,260.3052,-45.8436,350.4690
0,19,250.0085,-41.1069,354.4110
0,20,239.2633,-36.1639,356.4380
0,21,228.3702,-31.1529,355.9595
0,22,217.5506,-26.1756,357.4303
0,23,206.7122,-21.1898,356.1376
0,24,213.0020,-24.0832,346.3362
0,25,223.9016,-29.0972,346.0952
0,26,235.1596,-32.9176,344.4635
0,27,245.2468,-38.9164,341.9611
0,28,256.0545,-43.8882,340.3880
0,29,266.9852,-48.8254,340.0088
0,30,277.8226,-53.9018,340.8933
0,31,288.5529,-58.8381,343.0129
0,32,299.4535,-63.8526,342.8363
0,33,310.3277,-68.8549,343.6906
0,34,321.0450,-73.7851,345.8888
0,35,331.9387,-78.7964,345.4254
0,36,342.8405,-83.8115,345.4262
0,37,353.7412,-88.8260,345.5941
0,38,364.6314,-93.8357,346.1475
0,39,375.5011,-98.8360,345.2268
0,40,385.0462,-102.2381,351.6546
0,41,378.4286,-102.2425,361.6649
0,42,366.8811,-102.2425,364.9289
0,43,356.2859,-102.2425,370.5630
0,44,351.1919,-102.2425,381.4281
0,45,351.3831,-102.2425,393.4266
0,46,354.4562,-102.2425,405.0264
0,47,362.7480,-102.2425,413.7008
1,0,681.5751,-247.0388,590.5325
1,1,673.8490,-247.0388,599.7144
1,2,673.7440,-247.0388,611.7140
1,3,683.9351,-247.0388,618.0498
1,4,695.8452,-247.0388,616.5837
1,5,699.8703,-247.0388,605.2789
1,6,699.6545,-247.0417,593.2808
1,7,695.2847,-249.9116,582.4795
1,8,693.9101,-249.6150,570.5622
1,9,686.2101,-248.0268,561.4964
1,10,680.7399,-247.7999,550.8181
1,11,680.3083,-247.7994,538.8259
1,12,684.9357,-247.7994,527.7540
1,13,694.9582,-247.7994,521.1547
1,14,706.9438,-247.7994,520.5685
1,15,718.2222,-247.7995,524.6671
1,16,728.8049,-248.5483,530.2747
1,17,740.6712,-250.0000,529.2336
1,18,748.6338,-258.2363,525.6615
1,19,760.3325,-259.3666,523.2400
1,20,771.5739,-259.3893,519.0412
1,21,782.8811,-259.3893,515.0230
1,22,793.5217,-259.3893,520.5708
1,23,793.5778,-259.3893,532.5707
1,24,798.2955,-259.3893,543.6044
1,25,807.8973,-259.3893,550.8020
1,26,801.1578,-259.4438,560.7305
1,27,790.7750,-259.7578,566.7387
1,28,780.4191,-262.8577,571.9489
1,29,775.4496,-268.8281,581.0955
1,30,780.8593,-271.3030,591.5171
1,31,785.5732,-271.3953,602.5520
1,32,779.0088,-271.3936,612.5973
1,33,769.7640,-275.1186,619.2800
1,34,769.8089,-286.1691,623.9580
1,35,769.6125,-297.2182,628.6355
1,36,769.8857,-308.2659,633.3123
1,37,772.8785,-309.6789,644.8469
1,38,768.4019,-309.3929,655.9770
1,39,762.4779,-309.3893,666.4128
1,40,752.2137,-309.4295,672.6292
1,41,740.3334,-310.7786,671.6100
1,42,731.0734,-316.5167,666.5774
1,43,721.3633,-321.3895,661.4814
1,44,715.4941,-321.3953,651.0146
1,45,705.4486,-321.3953,644.4505
1,46,693.7681,-321.3953,647.2011
1,47,684.1309,-321.3874,654.3513
1,48,673.8236,-315.5812,656.3630
1,49,668.2318,-304.9651,656.1942
1,50,661.3686,-300.2648,647.5453
1,51,649.3729,-300.0000,647.3633
1,52,640.1909,-300.0000,655.0893
1,53,639.6970,-300.0000,667.0791
1,54,634.7472,-299.9703,678.0107
1,55,628.9701,-295.7839,668.3619
1,56,617.7509,-292.6487,665.4807
1,57,608.1322,-292.6487,672.6558
1,58,616.4689,-292.6487,681.2871
1,59,624.0835,-292.7478,672.0131
1,60,628.9363,-298.5975,681.2992
1,61,640.6526,-299.9987,679.1165
1,62,652.5292,-300.0000,680.8331
1,63,663.5680,-300.0000,676.1271
1,64,667.2150,-301.2492,664.7632
1,65,672.1505,-312.0119,662.8120
1,66,679.6555,-321.2003,664.6143
1,67,690.2172,-321.3953,670.3075
1,68,699.1656,-321.3953,678.3028
1,69,710.6651,-321.3953,674.8731
1,70,718.8464,-321.3953,666.0943
1,71,726.5314,-320.4627,656.9253
1,72,735.7088,-312.7472,656.4287
1,73,744.5605,-309.5205,648.9966
1,74,756.5522,-309.3905,648.5698
1,75,765.6749,-309.8449,640.7871
1,76,766.4947,-301.9033,631.8284
1,77,766.8544,-291.3379,626.1502
1,78,767.5050,-280.3050,621.4755
1,79,761.1215,-271.4187,616.5476
1,80,753.0452,-271.3953,607.6723
1,81,756.4042,-271.3953,596.1520
1,82,758.9579,-270.5444,584.4578
1,83,760.7499,-264.4437,574.2808
1,84,765.1894,-260.1175,564.0058
1,85,773.9576,-259.4869,555.8375
1,86,778.9070,-259.3893,544.9062
1,87,767.6802,-259.3893,540.6685
1,88,755.6919,-259.3618,541.1992
1,89,745.5073,-256.4512,546.8384
1,90,734.9452,-250.7926,546.1889
1,91,724.1007,-249.6800,541.1729
1,92,713.2257,-248.9641,536.1509
1,93,701.4248,-248.1784,534.1206
1,94,703.4312,-247.8404,545.9468
1,95,708.5453,-247.8001,556.8024
1,96,710.7108,-247.8984,568.6050
1,97,703.6439,-249.5748,578.1575
1,98,695.0577,-248.4510,586.4650
1,99,683.5538,-247.0426,589.5755
2,0,504.3042,-33.7911,316.7604
2,1,499.5736,-33.7911,305.7323
2,2,488.8382,-33.7911,300.3701
2,3,476.9297,-33.7911,298.8914
2,4,465.0562,-33.7911,300.6296
2,5,459.9542,-33.8792,311.4906
2,6,462.9906,-34.8745,323.0574
2,7,460.2742,-40.9123,333.0657
2,8,454.8129,-48.4298,340.6592
2,9,452.3852,-56.6976,349.0107
2,10,451.2600,-65.1029,357.5010
2,11,449.1147,-72.9493,366.3233
2,12,449.1741,-81.8282,374.3956
2,13,449.7201,-90.2619,382.9146
2,14,448.9472,-92.6497,394.6492
2,15,449.2343,-92.7374,406.6455
2,16,450.7923,-92.7396,418.5439
2,17,453.8654,-92.7396,430.1437
2,18,464.9617,-92.7396,434.7124
2,19,475.5029,-92.7396,428.9781
2,20,485.6121,-92.7396,422.5125
2,21,496.5523,-90.2190,426.7504
2,22,508.2478,-89.4905,424.1650
2,23,520.2464,-89.4905,423.9819
2,24,532.2352,-89.4905,423.4625
2,25,541.2943,-89.4905,415.5927
2,26,538.1642,-89.4905,404.0081
2,27,528.3674,-89.4905,397.0783
2,28,516.5235,-89.4905,399.0071
2,29,504.7276,-89.4985,401.2113
2,30,493.0704,-92.2664,400.5428
2,31,481.0917,-92.7396,400.0065
2,32,469.2251,-92.7396,398.2221
2,33,468.4099,-92.3549,386.2560
2,34,467.2637,-85.0116,376.8346
2,35,466.2588,-76.2193,368.7299
2,36,465.5818,-67.7903,360.2156
2,37,467.9751,-59.5174,351.8590
2,38,469.2182,-51.1204,343.3770
2,39,471.5752,-42.8424,335.0153
2,40,474.7630,-34.4403,327.0627
2,41,485.8649,-33.8352,322.5480
2,42,497.4411,-33.7946,319.3873
3,0,859.9882,-121.0224,320.8879
3,1,850.1320,-121.3640,327.7245
3,2,838.9642,-121.1889,323.3371
3,3,829.7190,-121.1857,315.6869
3,4,835.5468,-121.3946,305.1992
3,5,840.6786,-121.3953,294.3518
3,6,838.3442,-121.3824,282.5811
3,7,840.3111,-112.6768,274.5597
3,8,837.3890,-110.3020,263.1658
3,9,825.4729,-109.4092,264.2654
3,10,818.9976,-109.3854,274.3684
3,11,809.4326,-102.2731,275.7561
3,12,798.7702,-100.5441,280.9833
3,13,786.8858,-100.2029,282.6098
3,14,774.8875,-100.0778,282.4553
3,15,762.9146,-100.0228,281.6511
3,16,750.9727,-100.0024,280.4714
3,17,739.0731,-99.9996,278.9226
3,18,727.5463,-96.7091,278.3691
3,19,718.3083,-89.0550,278.0972
3,20,709.1937,-81.5031,276.1245
3,21,699.9757,-73.8655,276.9594
3,22,690.7825,-66.2484,278.1696
3,23,679.4703,-63.4516,281.0353
3,24,674.4116,-63.3078,270.1546
3,25,674.4650,-63.3036,258.1547
3,26,681.0221,-63.2331,248.1049
3,27,692.9080,-63.0506,249.7455
3,28,699.4934,-61.2053,239.8851
3,29,703.8512,-53.8769,231.4408
3,30,702.9700,-52.1058,219.6050
3,31,714.6929,-50.7930,217.4030
3,32,726.5842,-50.3593,218.9558
3,33,738.4574,-50.1651,220.6848
3,34,750.4332,-50.0540,221.4376
3,35,753.9720,-50.0000,209.9714
3,36,746.0669,-50.0045,200.9431
3,37,738.8948,-50.0214,191.3223
3,38,732.9293,-50.0557,180.9102
3,39,729.0413,-50.1139,169.5576
3,40,728.0813,-50.1913,157.5964
3,41,727.6437,-50.2385,145.6044
3,42,723.9020,-50.2025,134.2028
3,43,719.5163,-50.1108,123.0333
3,44,721.7688,-50.0224,111.2469
3,45,732.0452,-50.0012,105.0504
3,46,744.0333,-50.0000,104.5181
3,47,755.6135,-50.0000,107.6645
3,48,766.9926,-50.0000,111.4746
3,49,778.8093,-50.0003,113.5639
3,50,790.8086,-50.0215,113.4417
3,51,793.9548,-50.3122,125.0183
3,52,789.2167,-50.4675,136.0422
3,53,786.8549,-50.5332,147.8073
3,54,790.0228,-50.4476,159.3813
3,55,796.0507,-50.2683,169.7559
3,56,800.1840,-50.0780,181.0200
3,57,796.0506,-50.0049,192.2854
3,58,788.2238,-50.0000,201.3817
3,59,779.8224,-50.0000,209.9500
3,60,771.7678,-50.0000,218.8451
3,61,764.7550,-50.0000,228.5827
3,62,753.1315,-50.0000,231.5652
3,63,741.9897,-50.0000,227.1087
3,64,730.8242,-50.0003,222.7121
3,65,718.9807,-50.0999,220.7827
3,66,710.0574,-52.9517,228.2822
3,67,710.0983,-58.9197,238.6928
3,68,707.1385,-62.2738,249.8279
3,69,695.2209,-63.0987,248.6927
3,70,683.2227,-63.2763,248.8020
3,71,681.1318,-63.2485,260.6184
3,72,687.4560,-63.1523,270.8162
3,73,697.8309,-68.9884,272.3331
3,74,707.0713,-76.6445,272.3331
3,75,716.3116,-84.3006,272.3331
3,76,725.5365,-91.9754,272.3061
3,77,734.7168,-99.6759,271.6549
3,78,745.6805,-99.9755,276.5239
3,79,748.2318,-100.0000,264.7982
3,80,744.4506,-100.0000,253.4095
3,81,741.4062,-100.0000,241.8021
3,82,740.6916,-100.0000,229.8234
3,83,744.3174,-100.0000,218.3843
3,84,754.0459,-100.0000,211.3589
3,85,763.9746,-100.0000,218.0984
3,86,772.6640,-100.0000,226.3746
3,87,784.6563,-100.0000,225.9463
3,88,794.6253,-100.0000,219.2665
3,89,804.6302,-100.0000,212.6407
3,90,812.9446,-100.0000,221.2935
3,91,806.6123,-99.9999,231.4867
3,92,796.3142,-99.9932,237.6470
3,93,787.3117,-99.9472,245.5812
3,94,792.7569,-99.8805,256.2745
3,95,801.6077,-99.9727,264.3773
3,96,811.8736,-104.2366,268.8972
3,97,821.2377,-109.0424,263.1336
3,98,829.8076,-109.3381,254.7390
3,99,837.9330,-109.3876,245.9087
3,100,845.3795,-109.3893,236.4986
3,101,853.3582,-109.3893,227.5353
3,102,865.0726,-109.3893,224.9326
3,103,875.2973,-109.3893,231.2139
3,104,883.2893,-109.3893,240.1653
3,105,888.1966,-109.3893,251.1161
3,106,883.4281,-109.3976,262.1279
3,107,872.7173,-109.4653,267.5384
3,108,861.1486,-109.6889,270.7190
3,109,850.5413,-113.1524,275.1337
3,110,846.1064,-120.2432,283.7391
3,111,853.7386,-121.3879,292.9282
3,112,848.7038,-121.3953,303.8209
3,113,854.5419,-121.3552,314.3049
4,0,610.3743,-121.7825,335.0138
4,1,621.9022,-121.4328,331.6992
4,2,628.2986,-121.3953,321.5462
4,3,628.1768,-121.3953,309.5468
4,4,625.0887,-121.3953,297.9509
4,5,617.2660,-121.3953,288.8512
4,6,605.2706,-121.3953,288.5186
4,7,596.9140,-121.3953,297.1306
4,8,588.0665,-121.3953,305.2375
4,9,577.1783,-119.8133,300.4474
4,10,568.0693,-112.0684,301.4688
4,11,556.8222,-109.5822,298.1039
4,12,545.2453,-109.3893,294.9516
4,13,533.8034,-109.3893,298.5686
4,14,523.7977,-109.3893,305.1932
4,15,531.8710,-109.4176,314.0714
4,16,542.0536,-109.6350,320.4170
4,17,552.3273,-110.4102,326.5693
4,18,561.1136,-112.8065,334.3833
4,19,565.5664,-113.3069,345.5153
4,20,562.2734,-113.3069,357.0546
4,21,564.4044,-113.3069,368.8639
4,22,570.9390,-113.3069,378.9286
4,23,582.9243,-113.3069,379.5234
4,24,594.0869,-113.3069,375.1193
4,25,594.5421,-113.3737,363.1281
4,26,585.5019,-115.4933,355.5267
4,27,576.2732,-117.4942,348.1221
4,28,575.9870,-117.2170,336.1288
4,29,577.1956,-119.2467,324.3636
4,30,588.1631,-122.5059,327.9818
4,31,599.2566,-122.3042,332.5528
5,0,286.2594,-150.0000,411.8028
5,1,298.0807,-150.0000,413.8660
5,2,309.3183,-150.0000,409.6570
5,3,315.8185,-150.0000,399.5700
5,4,316.6802,-150.0000,387.6010
5,5,315.1199,-150.0000,375.7028
5,6,305.6224,-150.0000,368.3681
5,7,293.6750,-150.0000,367.2460
5,8,283.2120,-150.0000,373.1219
5,9,274.7193,-150.0000,381.5998
5,10,264.0115,-149.9594,387.0164
5,11,258.0854,-139.5341,386.5761
5,12,256.8551,-127.6013,386.2652
5,13,255.6255,-115.6739,386.7374
5,14,254.3988,-103.7418,386.3901
5,15,251.4255,-92.8061,382.4442
5,16,239.9332,-92.6487,378.9943
5,17,236.5260,-92.6487,390.5005
5,18,237.9915,-92.6487,402.4107
5,19,249.9447,-92.6871,403.4680
5,20,253.0936,-93.2054,391.9002
5,21,255.6361,-104.9161,391.2731
5,22,255.8184,-116.6644,388.8348
5,23,256.9577,-128.5963,388.2588
5,24,258.1844,-140.4924,389.2478
5,25,264.2344,-149.9632,393.4551
5,26,272.9542,-149.9999,401.6991
5,27,282.0989,-150.0000,409.4693
6,0,1088.4135,-100.0000,229.6635
6,1,1081.8639,-100.0000,239.7185
6,2,1079.9458,-100.0000,251.5642
6,3,1084.8876,-100.0000,262.4993
6,4,1095.0983,-100.0000,268.8034
6,5,1106.9916,-100.0000,270.4008
6,6,1118.7287,-100.0000,267.9031
6,7,1130.6352,-100.4679,266.4830
6,8,1141.3837,-104.3601,262.8332
6,9,1152.4027,-108.7733,261.0712
6,10,1163.8789,-109.3852,264.5240
6,11,1175.2709,-109.3893,268.2954
6,12,1187.1551,-109.3893,269.9583
6,13,1198.4378,-109.3893,265.8715
6,14,1205.8950,-109.3893,256.4700
6,15,1208.0361,-109.3893,244.6625
6,16,1202.9944,-109.3893,233.7731
6,17,1193.5871,-109.3893,226.3230
6,18,1182.0350,-109.3893,223.0751
6,19,1170.8179,-109.3893,227.3385
6,20,1162.3146,-109.3893,235.8057
6,21,1152.7461,-109.2044,243.0452
6,22,1141.7110,-104.5109,243.4891
6,23,1130.6913,-100.0984,241.7296
6,24,1120.3299,-100.0000,235.6772
6,25,1110.6311,-100.0000,228.6108
6,26,1099.2197,-100.0000,224.8989
7,0,927.2574,-209.3893,464.7672
7,1,939.1006,-209.3893,462.8339
7,2,950.3920,-209.3893,458.7715
7,3,953.9640,-209.3893,447.3154
7,4,951.4200,-209.3893,435.5882
7,5,945.6912,-209.3893,425.0439
7,6,936.6803,-209.3893,417.1191
7,7,925.0385,-209.3893,414.2088
7,8,913.4852,-209.3893,417.4525
7,9,904.3446,-209.3893,425.2275
7,10,894.1511,-209.3876,431.5593
7,11,883.1672,-208.0979,426.9020
7,12,872.7448,-202.1503,426.9072
7,13,860.9148,-200.5548,425.6803
7,14,849.1379,-200.0929,423.4241
7,15,837.2446,-200.0000,425.0185
7,16,834.1786,-200.0000,436.6202
7,17,822.2599,-200.0000,438.0148
7,18,815.0264,-200.0000,447.5895
7,19,818.4944,-200.0000,459.0775
7,20,820.2988,-200.0000,470.9410
7,21,814.9155,-200.0025,481.6658
7,22,812.9612,-203.1041,493.0921
7,23,824.9463,-203.1047,493.6885
7,24,834.7294,-203.1047,500.6377
7,25,836.4092,-203.1047,512.5196
7,26,840.3536,-203.0985,501.1864
7,27,836.7248,-202.8993,489.7499
7,28,835.1447,-200.0962,478.1894
7,29,841.9647,-200.0000,468.3162
7,30,852.6999,-200.0025,462.9540
7,31,863.1727,-200.4433,457.1121
7,32,874.8163,-203.3068,456.6369
7,33,885.4238,-208.8893,457.2004
7,34,896.1262,-209.3802,462.6057
7,35,904.7450,-209.3893,470.9553
7,36,916.6528,-209.3893,472.4397
7,37,926.2493,-209.3893,465.2351
8,0,635.5709,-139.5516,461.8235
8,1,629.8328,-139.4905,472.3625
8,2,620.0876,-139.4905,465.3603
8,3,618.3646,-139.4905,453.4846
8,4,626.8663,-139.4947,445.0158
8,5,638.2289,-139.5450,448.8744
8,6,645.4490,-140.0557,458.4457
8,7,649.3380,-151.2744,460.1830
8,8,652.1708,-162.8871,459.1254
8,9,655.0050,-174.5053,458.1328
8,10,657.8490,-186.1634,458.1328
8,11,667.4164,-192.4616,454.5556
8,12,676.0280,-192.6395,446.2004
8,13,686.3033,-192.6487,440.0022
8,14,697.9317,-192.6487,442.9656
8,15,707.2709,-192.6487,450.5008
8,16,714.2402,-192.6487,460.2696
8,17,711.7169,-192.6487,472.0013
8,18,704.5070,-192.6487,481.5938
8,19,692.9452,-192.6487,478.3808
8,20,681.3338,-192.6487,475.3518
8,21,670.8463,-192.6486,469.5197
8,22,659.9208,-192.3133,464.5678
8,23,656.5405,-180.7999,464.4481
8,24,653.6966,-169.1417,464.4481
8,25,650.8527,-157.4836,464.4481
8,26,648.0087,-145.8255,464.4481
8,27,638.0343,-139.6594,461.9002
9,0,1062.4297,-221.5413,522.4435
9,1,1062.4245,-221.4207,510.4441
9,2,1067.2796,-221.3956,499.4702
9,3,1079.2791,-221.3953,499.5740
9,4,1089.9010,-221.3953,505.1576
9,5,1091.7095,-221.3953,517.0205
9,6,1102.5623,-221.4225,522.1408
9,7,1112.8620,-221.6449,515.9871
9,8,1120.2317,-222.4429,506.5505
9,9,1131.8868,-224.5603,504.6334
9,10,1141.7803,-226.4870,511.1455
9,11,1153.5599,-228.6773,510.4804
9,12,1161.8040,-229.3856,501.7894
9,13,1171.1684,-229.1549,494.2891
9,14,1183.1622,-228.9735,494.6319
9,15,1193.2957,-228.9396,501.0592
9,16,1187.1204,-228.9396,511.3483
9,17,1192.5375,-228.9396,522.0560
9,18,1185.1927,-228.9396,531.5457
9,19,1178.1515,-228.9396,521.8286
9,20,1167.8590,-229.0458,527.9972
9,21,1159.5739,-229.3078,519.3203
9,22,1152.7598,-228.5070,509.4752
9,23,1143.0157,-226.6095,502.7333
9,24,1131.3133,-224.0115,502.1832
9,25,1120.2428,-222.0838,506.3937
9,26,1109.8508,-221.3211,512.3456
9,27,1099.6202,-221.3752,518.6171
9,28,1089.0003,-221.6986,524.1951
9,29,1077.5440,-221.8479,527.7632
9,30,1065.6306,-221.6636,526.3362
10,0,456.5199,-63.3069,235.2181
10,1,453.1165,-63.3069,246.7254
10,2,441.7315,-63.5686,250.5089
10,3,431.6454,-64.3422,244.0535
10,4,424.8310,-63.8035,234.1908
10,5,413.6981,-59.8533,232.0803
10,6,401.7127,-59.3893,232.4485
10,7,390.8441,-59.3893,227.3620
10,8,391.6951,-59.3893,215.3922
10,9,401.6436,-59.3893,208.6820
10,10,412.5631,-59.3893,213.6583
10,11,417.0651,-59.3903,224.7818
10,12,427.7011,-63.6917,228.2992
10,13,439.5033,-63.6885,230.4692
10,14,450.8979,-63.3787,234.2198
11,0,805.1242,-163.3069,471.6192
11,1,814.8643,-163.5467,464.6140
11,2,809.3603,-165.9685,454.2293
11,3,798.0043,-163.5440,457.2564
11,4,786.0205,-163.9653,456.7979
11,5,774.4172,-163.9285,459.8578
11,6,767.3686,-163.5909,450.1520
11,7,767.3201,-159.9333,438.7231
11,8,762.9106,-157.2599,427.8875
11,9,751.8315,-153.7092,424.9470
11,10,740.2758,-152.3027,427.8600
11,11,731.5267,-152.4643,419.6486
11,12,742.0281,-156.1250,415.1409
11,13,748.2882,-159.3857,405.4363
11,14,760.0354,-159.3893,407.8864
11,15,766.1005,-159.3893,397.5319
11,16,776.4433,-159.3893,403.6167
11,17,771.2999,-159.3893,414.4585
11,18,759.3692,-159.3893,415.7468
11,19,748.0098,-159.3884,411.8786
11,20,737.1602,-154.7216,409.7559
11,21,725.6279,-152.3450,412.0708
11,22,725.2746,-152.2425,424.0652
11,23,732.1632,-152.2425,433.8911
11,24,742.4636,-152.2426,440.0474
11,25,754.3057,-152.6403,438.1482
11,26,762.5201,-156.8926,430.5034
11,27,774.4028,-157.4819,428.9369
11,28,772.7662,-160.7810,440.3578
11,29,767.1744,-165.2292,449.9987
11,30,777.9206,-170.1545,452.0630
11,31,789.8460,-171.3613,452.6354
11,32,797.8672,-171.3953,443.7101
11,33,799.0937,-171.3953,431.7730
11,34,792.1152,-171.3953,422.0108
11,35,784.1921,-171.3953,431.0233
11,36,785.7551,-171.3953,442.9211
11,37,779.7740,-170.0926,453.2424
11,38,768.3397,-166.9284,451.4405
11,39,763.6408,-164.2655,462.1564
11,40,768.7017,-163.4198,473.0040
11,41,779.1959,-163.3078,478.8230
11,42,791.1276,-163.3069,477.5445
11,43,802.2260,-163.3069,472.9810
12,0,1162.7231,-128.9396,478.4885
12,1,1150.7240,-128.9396,478.6339
12,2,1139.8581,-128.9396,473.5415
12,3,1130.5472,-128.9396,465.9713
12,4,1125.2092,-128.9396,455.2240
12,5,1123.8855,-128.9396,443.2972
12,6,1123.9298,-128.9396,431.2973
12,7,1124.3099,-128.9396,419.3033
12,8,1124.8121,-128.9396,407.3138
12,9,1127.6025,-128.9396,395.6428
12,10,1138.2850,-128.9396,390.1763
12,11,1149.9914,-128.9396,392.8149
12,12,1159.8228,-128.9396,399.6955
12,13,1164.6352,-128.9396,410.6882
12,14,1166.4073,-128.9396,422.5567
12,15,1168.9511,-128.9396,434.2839
12,16,1171.1428,-128.9396,446.0821
12,17,1171.4401,-128.9396,458.0784
12,18,1169.1378,-128.9396,469.8555
13,0,1289.7811,-209.3893,517.3367
13,1,1291.0095,-209.3893,529.2737
13,2,1279.1269,-209.3893,530.9481
13,3,1267.1278,-209.3893,530.8022
13,4,1255.2390,-209.3893,532.4326
13,5,1250.0822,-209.3893,521.5971
13,6,1250.4090,-209.3893,509.6016
13,7,1259.6947,-209.3893,502.0005
13,8,1271.6512,-209.3893,500.9801
13,9,1283.6137,-209.3893,501.9288
13,10,1289.0739,-209.3893,512.6145
14,0,305.4189,-109.3893,320.3540
14,1,293.8889,-109.3893,317.0284
14,2,291.0727,-109.3893,305.3635
14,3,298.5560,-109.3893,295.9826
14,4,310.3231,-109.3893,298.3358
14,5,322.2469,-109.3893,299.6854
14,6,328.1899,-109.3893,310.1104
14,7,319.3538,-109.3893,318.2298
14,8,307.5425,-109.3893,320.3492
15,0,381.8350,-92.6487,260.4083
15,1,382.0763,-92.6487,272.4058
15,2,372.7434,-92.6487,279.9488
15,3,360.7544,-92.6487,280.4634
15,4,350.7474,-92.6487,273.8407
15,5,347.1021,-92.6487,262.4078
15,6,345.4971,-92.6487,250.5156
15,7,357.0930,-92.6487,247.4274
15,8,369.0841,-92.6487,247.8887
15,9,379.1304,-92.6487,254.4516
16,0,379.4861,-121.3953,326.7490
16,1,367.5061,-121.3953,327.4411
16,2,356.5225,-121.3953,322.6077
16,3,347.2761,-121.3953,314.9590
16,4,348.8444,-121.3953,303.0619
16,5,358.0092,-121.3953,295.3155
16,6,369.9988,-121.3953,295.8150
16,7,378.8129,-121.3953,303.9582
16,8,380.9811,-121.3953,315.7607
17,0,550.4274,-39.4905,239.4543
17,1,562.1752,-39.4905,241.9014
17,2,567.7242,-39.4905,252.5414
17,3,568.5997,-39.4905,264.5094
17,4,565.2656,-39.4905,276.0370
17,5,554.3713,-39.4905,281.0681
17,6,543.0628,-39.4905,277.0533
17,7,534.3139,-39.4905,268.8401
17,8,533.7420,-39.4905,256.8537
17,9,540.4650,-39.4905,246.9139
17,10,549.9554,-39.4905,239.5700
18,0,408.0824,-171.3953,432.5703
18,1,396.2596,-171.3953,430.5157
18,2,393.4835,-171.3953,418.8412
18,3,395.3243,-171.3953,406.9832
18,4,405.8271,-171.3953,401.1788
18,5,415.5995,-171.3953,408.1429
18,6,427.3626,-171.3953,405.7700
18,7,431.2746,-171.3953,417.1144
18,8,427.7948,-171.3953,428.5988
18,9,416.4263,-171.3953,432.4406
19,0,558.0155,-50.0000,189.4662
19,1,546.6182,-50.0000,185.7111
19,2,538.2576,-50.0000,177.1030
19,3,543.8163,-50.0000,166.4681
19,4,551.8452,-50.0000,157.5497
19,5,550.0795,-50.0000,145.6803
19,6,541.6191,-50.0000,137.1702
19,7,534.4438,-50.0000,127.5517
19,8,542.7937,-50.0000,118.9331
19,9,554.7078,-50.0000,117.5005
19,10,566.6636,-50.0000,118.5298
19,11,578.3836,-50.0000,121.1070
19,12,589.6145,-50.0000,125.3338
19,13,595.4911,-50.0000,135.7964
19,14,586.7971,-50.0000,144.0677
19,15,581.8894,-50.0000,155.0183
19,16,591.9310,-50.0000,161.5884
19,17,601.1735,-50.0000,169.2419
19,18,598.6690,-50.0000,180.9776
19,19,587.7812,-50.0000,186.0229
19,20,576.0902,-50.0000,188.7287
19,21,564.1530,-50.0000,189.9550